Review,Polarity,clean
bonito museo que le mostrará algunos historia y piezas hechas en cerámica que son importantes en la región además de los guías de lugar suelen contar historias sobre el lugar,4.0,bonito museo que le mostrará algunos historia y piezas hechas en cerámica que son importantes en la región además de los guías de lugar suelen contar historias sobre el lugar
Compartimos un burrito y una ensalada que eran deliciosos pero el guacamole fresco y las patatas fritas eran el gancho que no se arrepentirán de buen servicio y buena ubicación central,4.0,Compartimos un burrito y una ensalada que eran deliciosos pero el guacamole fresco y las patatas fritas eran el gancho que no se arrepentirán de buen servicio y buena ubicación central
el lugar es único en su tipo porque se encuentra en una gruta en las afueras del sitio arqueológico de teotihuacán con decoración típica y muy surrealista multicolor se recomienda reservar principalmente el fin de semana a menos que quieras estar en más,4.0,el lugar es único en su tipo porque se encuentra en una gruta en las afueras del sitio arqueológico de teotihuacán con decoración típica y muy surrealista multicolor se recomienda reservar principalmente el fin de semana a menos que quieras estar en más
restaurante muy agradable y romántico aunque si vas sin reserva el tiempo de espera es muy alto aunque la comida es buena lo mejor del restaurante es la ubicación y el ambiente,4.0,restaurante muy agradable y romántico aunque si vas sin reserva el tiempo de espera es muy alto aunque la comida es buena lo mejor del restaurante es la ubicación y el ambiente
"excelente ubicación y servicio y me he quedado varias veces aquí y nunca ha habido una queja el edificio es antiguo, así como sus instalaciones, pero muy bien mantenido y todo funciona muy bien conexión wi fi muy buenos muebles y comodidades podrían mejorar el aspecto viejo y pasado excelente petsonsl",4.0,"excelente ubicación y servicio y me he quedado varias veces aquí y nunca ha habido una queja el edificio es antiguo, así como sus instalaciones, pero muy bien mantenido y todo funciona muy bien conexión wi fi muy buenos muebles y comodidades podrían mejorar el aspecto viejo y pasado excelente petsonsl"
la zona arqueológica de tulum se encuentra a minutos de tulum pueblo o minutos de la playa de la carmen para este paseo que es de al menos medio día tendrá que usar zapatos cómodos de preferencia bloqueador de agua de tenis y por supuesto la cámara que llega a la zona arqueológica le sugiero que tome el camión que está en la puerta y que le lleva hasta el comienzo de la zona como tal te cuesta como pesas si decide caminar ese tramo te cansarás un poco ya que si es algo distante de la puerta a la entrada de las pirámides una vez que el camión te deja en la taquilla,4.0,la zona arqueológica de tulum se encuentra a minutos de tulum pueblo o minutos de la playa de la carmen para este paseo que es de al menos medio día tendrá que usar zapatos cómodos de preferencia bloqueador de agua de tenis y por supuesto la cámara que llega a la zona arqueológica le sugiero que tome el camión que está en la puerta y que le lleva hasta el comienzo de la zona como tal te cuesta como pesas si decide caminar ese tramo te cansarás un poco ya que si es algo distante de la puerta a la entrada de las pirámides una vez que el camión te deja en la taquilla
increíble el concepto mexicano con deliciosa comida y una decoración con muy buenas pinturas el patio hace que el lugar ambiente familiar súper cómodo y un condimento increíble recomendado,4.0,increíble el concepto mexicano con deliciosa comida y una decoración con muy buenas pinturas el patio hace que el lugar ambiente familiar súper cómodo y un condimento increíble recomendado
definitivamente una arquitectura digna de admirar este templo como otros a sus alrededores vale la pena visitar y vivir con ellos si eres o no un creyente si disfrutas de la arquitectura en general este lugar te gustará,4.0,definitivamente una arquitectura digna de admirar este templo como otros a sus alrededores vale la pena visitar y vivir con ellos si eres o no un creyente si disfrutas de la arquitectura en general este lugar te gustará
recomendado por la familia que estaban aquí hace dos semanas deliciosos tostadas con ropa vieja una visita obligada ensalada viva almuerzo perfecto gracias vivian,4.0,recomendado por la familia que estaban aquí hace dos semanas deliciosos tostadas con ropa vieja una visita obligada ensalada viva almuerzo perfecto gracias vivian
Nos detuvimos en Oscars mientras viajamos por la isla con una corona fría y traes un buen plato de nachos es un ambiente único la comida era buena y parecía un buen precio la gente cervezas nachos platos y un plato de tacos para más,4.0,Nos detuvimos en Oscars mientras viajamos por la isla con una corona fría y traes un buen plato de nachos es un ambiente único la comida era buena y parecía un buen precio la gente cervezas nachos platos y un plato de tacos para más
Me sorprendió con el tamaño de la quesadilla era delicioso y a muy buen precio el agua natural deli deli un buen lugar para ir a comer cuando visita Sayulita,4.0,Me sorprendió con el tamaño de la quesadilla era delicioso y a muy buen precio el agua natural deli deli un buen lugar para ir a comer cuando visita Sayulita
Es muy importante que usted revise su reserva porque las fotos de las habitaciones están muy mal manejadas el personal es muy amable y servicial es un lugar muy limpio aunque algunas adiciones de las habitaciones no funcionan bien,4.0,Es muy importante que usted revise su reserva porque las fotos de las habitaciones están muy mal manejadas el personal es muy amable y servicial es un lugar muy limpio aunque algunas adiciones de las habitaciones no funcionan bien
es un hotel en la playa de tulum con algunos antiguos pero muy bien mantenidos a diferencia de otros establecimientos las habitaciones son muy espaciosas todas con baño privado balcón y living también ofrece media pensión y limpiar la playa todos los días de algas altamente recomendable,4.0,es un hotel en la playa de tulum con algunos antiguos pero muy bien mantenidos a diferencia de otros establecimientos las habitaciones son muy espaciosas todas con baño privado balcón y living también ofrece media pensión y limpiar la playa todos los días de algas altamente recomendable
"Las ruinas son hermosas y llenas de historia, pero la mejor parte de nuestra visita fue poder nadar bajo las ruinas en una playa realmente grande traer su traje de baño",4.0,"Las ruinas son hermosas y llenas de historia, pero la mejor parte de nuestra visita fue poder nadar bajo las ruinas en una playa realmente grande traer su traje de baño"
El lugar es agradable hay variedad de comidas los camareros son serios e incluso parecen estar molestos si usted no entra en su restaurante los pasteles no son tan ricos y tienen poco carne xd,4.0,El lugar es agradable hay variedad de comidas los camareros son serios e incluso parecen estar molestos si usted no entra en su restaurante los pasteles no son tan ricos y tienen poco carne xd
Para el que nunca estuvo en un cenote es una experiencia muy agradable una fauna marina bastante profunda en las estalactitas es muy agradable que si el agua fría pensé que lo soportaría pero no podría mucho para el próximo cenote llevo neoprenlinda área de descanso también,4.0,Para el que nunca estuvo en un cenote es una experiencia muy agradable una fauna marina bastante profunda en las estalactitas es muy agradable que si el agua fría pensé que lo soportaría pero no podría mucho para el próximo cenote llevo neoprenlinda área de descanso también
Aunque no es un hotel estrella las habitaciones estaban siempre limpias frescas y confortables las habitaciones tipo apartamentos tienen una tostadora y micro cafetera en caso de que desee un desayuno o cena ligera la piscina y las zonas son funcionales y la atención siempre fue agradable destacar la ubicación a dos calles de la playa principal al norte y la calle principal de la isla,4.0,Aunque no es un hotel estrella las habitaciones estaban siempre limpias frescas y confortables las habitaciones tipo apartamentos tienen una tostadora y micro cafetera en caso de que desee un desayuno o cena ligera la piscina y las zonas son funcionales y la atención siempre fue agradable destacar la ubicación a dos calles de la playa principal al norte y la calle principal de la isla
Es un lugar muy agradable la comida es deliciosa vista espectacular a la laguna sólo como desventaja es que si quieres consumir sólo bebidas para disfrutar de la laguna tiene que ser sólo para el consumo de automóviles ir a la caja para comprar sus bebidas e ir más,4.0,Es un lugar muy agradable la comida es deliciosa vista espectacular a la laguna sólo como desventaja es que si quieres consumir sólo bebidas para disfrutar de la laguna tiene que ser sólo para el consumo de automóviles ir a la caja para comprar sus bebidas e ir más
el malecón loreto es un hermoso paseo marítimo el ritmo de la ciudad se refleja en la naturaleza solitaria tranquilidad y relativo sedado del lugar el muelle deportivo tiene varias grandes esculturas que son divertidas de ver y observar los pelícanos pescadores y barcos es divertido las excursiones en barco de la zona también están disponibles una serie de restaurantes bonitos con el otro hacia el extremo opuesto del malecón varios de los cuales tienen excelentes clasificaciones varios paseos peatonales árboles conducen hacia la catedral de la ciudad y plazas el malecón es claramente una fuente de orgullo para la ciudad y atrae a una muestra representativa de su gente es,4.0,el malecón loreto es un hermoso paseo marítimo el ritmo de la ciudad se refleja en la naturaleza solitaria tranquilidad y relativo sedado del lugar el muelle deportivo tiene varias grandes esculturas que son divertidas de ver y observar los pelícanos pescadores y barcos es divertido las excursiones en barco de la zona también están disponibles una serie de restaurantes bonitos con el otro hacia el extremo opuesto del malecón varios de los cuales tienen excelentes clasificaciones varios paseos peatonales árboles conducen hacia la catedral de la ciudad y plazas el malecón es claramente una fuente de orgullo para la ciudad y atrae a una muestra representativa de su gente es
Este es un restaurante muy agradable se puede decir que el chef tiene una pasión por cocinar buena comida gourmet buen ambiente pudimos traer nuestro propio vino que teníamos con salsa de miñón de filete de bernaise y frijoles verdes y chocolate fondant con salsa de guayaba y era una comida maravillosa tan inesperada en un pequeño pueblo como macunte las raciones son realmente aunque pequeñas sería hermoso con un poco de puré de patata que acompaña al bistec y al menos de las porciones más grandes el chocolate fondant no era muy fluido en el medio probablemente debido al pequeño tamaño de ellos sin embargo estábamos satisfechos cuando,4.0,Este es un restaurante muy agradable se puede decir que el chef tiene una pasión por cocinar buena comida gourmet buen ambiente pudimos traer nuestro propio vino que teníamos con salsa de miñón de filete de bernaise y frijoles verdes y chocolate fondant con salsa de guayaba y era una comida maravillosa tan inesperada en un pequeño pueblo como macunte las raciones son realmente aunque pequeñas sería hermoso con un poco de puré de patata que acompaña al bistec y al menos de las porciones más grandes el chocolate fondant no era muy fluido en el medio probablemente debido al pequeño tamaño de ellos sin embargo estábamos satisfechos cuando
Me sorprendió la comida realmente agradable y muy variada el servicio está muy bien y con el consumo no pagamos estacionamiento los precios de las camas son de mxn y consumo mínimo de mxn,4.0,Me sorprendió la comida realmente agradable y muy variada el servicio está muy bien y con el consumo no pagamos estacionamiento los precios de las camas son de mxn y consumo mínimo de mxn
Todos estábamos explorando santos y teníamos nuestra comida en este lugar apelación enviado excelente servicio de comida fuimos clientes satisfechos,4.0,Todos estábamos explorando santos y teníamos nuestra comida en este lugar apelación enviado excelente servicio de comida fuimos clientes satisfechos
Buscando un lugar en el centro de la plaza del almuerzo tequis nos dimos cuenta k puchinos fue al mediodía pero el restaurante estaba en servicio de menú de desayuno hasta el por lo que nos preguntamos las calles estrechas de la encantadora ciudad de la magia de México hasta pm decidimos sentarse en el interior ya que hacía frío con una brisa suave cálido interior cómodo con buen diseño de asientos Pedí un vaso de casa blanca querétaro bodega semiseca de proveniencia Delores probamos la ensalada de espinacas ensalada cereza aguacate con reducción de vinagre y como buen tamaño y sabroso el otro plato era el,4.0,Buscando un lugar en el centro de la plaza del almuerzo tequis nos dimos cuenta k puchinos fue al mediodía pero el restaurante estaba en servicio de menú de desayuno hasta el por lo que nos preguntamos las calles estrechas de la encantadora ciudad de la magia de México hasta pm decidimos sentarse en el interior ya que hacía frío con una brisa suave cálido interior cómodo con buen diseño de asientos Pedí un vaso de casa blanca querétaro bodega semiseca de proveniencia Delores probamos la ensalada de espinacas ensalada cereza aguacate con reducción de vinagre y como buen tamaño y sabroso el otro plato era el
He estado aquí muchas veces y nunca me ha decepcionado que tenga que probar su el jalapeno una vez que fuimos a cenar en esa pm fui a comer y tener una buena noche cuando me di cuenta de que estaba cerrado a las pm no dicen nada cuando pedí mi cuenta el propietario nos trajo un dueño de casa kahlua y crema de forma gratuita subió a la cuenta un gran lugar para disfrutar de una buena cena y visitar con el propietario y amigos no se olvide de preguntar sobre su carrera estadounidense yevs en anuncios es una historia interesante más,4.0,He estado aquí muchas veces y nunca me ha decepcionado que tenga que probar su el jalapeno una vez que fuimos a cenar en esa pm fui a comer y tener una buena noche cuando me di cuenta de que estaba cerrado a las pm no dicen nada cuando pedí mi cuenta el propietario nos trajo un dueño de casa kahlua y crema de forma gratuita subió a la cuenta un gran lugar para disfrutar de una buena cena y visitar con el propietario y amigos no se olvide de preguntar sobre su carrera estadounidense yevs en anuncios es una historia interesante más
Nos zambullimos allí fue muy interesante ver todo en agua cristalina especialmente las raíces de manglar es un cenote,4.0,Nos zambullimos allí fue muy interesante ver todo en agua cristalina especialmente las raíces de manglar es un cenote
"El hotel amansala está cruzando la calle desde el supermercado principal en las afueras de las cuadras de la ciudad desde el centro las habitaciones eran muy grandes y fue genial moverse por un par de días hay una mini cocina y nevera disponibles en el gran vestíbulo y horas de café y té de agua hay una terraza en la azotea y el hotel tiene un ambiente encantador la habitación del hotel con una pintura se podría hacer para enfriarse y nuestra cortina de ducha estaba sucia, pero el resto de la experiencia superó estas dos observaciones el wifi funciona bien en todas las áreas del hotel y sin duda nos quedaríamos aquí de nuevo también recomendar para buceo",4.0,"El hotel amansala está cruzando la calle desde el supermercado principal en las afueras de las cuadras de la ciudad desde el centro las habitaciones eran muy grandes y fue genial moverse por un par de días hay una mini cocina y nevera disponibles en el gran vestíbulo y horas de café y té de agua hay una terraza en la azotea y el hotel tiene un ambiente encantador la habitación del hotel con una pintura se podría hacer para enfriarse y nuestra cortina de ducha estaba sucia, pero el resto de la experiencia superó estas dos observaciones el wifi funciona bien en todas las áreas del hotel y sin duda nos quedaríamos aquí de nuevo también recomendar para buceo"
"descarga de responsabilidad en realidad no comer en el restaurante durante el último viaje, pero nos hizo disfrutar de algunas sabrosas margaritas en el bar, así como la música durante el festival de la música todos los santos esperamos que el hotel california para ser pretencioso y caro, pero resultó ser ninguno en su lugar fue un decorado con muy buen gusto y a un precio razonable con un servicio amable y bebidas refrescantes la margarita jalapeno era delicioso la próxima vez que volveremos a cenar más",4.0,"descarga de responsabilidad en realidad no comer en el restaurante durante el último viaje, pero nos hizo disfrutar de algunas sabrosas margaritas en el bar, así como la música durante el festival de la música todos los santos esperamos que el hotel california para ser pretencioso y caro, pero resultó ser ninguno en su lugar fue un decorado con muy buen gusto y a un precio razonable con un servicio amable y bebidas refrescantes la margarita jalapeno era delicioso la próxima vez que volveremos a cenar más"
muy agradable a la vista aunque no fui al servicio del restaurante vale la pena entrar en la galería y tienda de souvenirs,4.0,muy agradable a la vista aunque no fui al servicio del restaurante vale la pena entrar en la galería y tienda de souvenirs
maravillosa vista agradable lugar buena comida encantada con servicio especial gracias a Camila gracias por todas las atenciones estaremos de vuelta pronto,4.0,maravillosa vista agradable lugar buena comida encantada con servicio especial gracias a Camila gracias por todas las atenciones estaremos de vuelta pronto
El año pasado fuimos a todos los santos y nunca lo hicimos por el famoso hotel de California así que este año decidimos que al menos tenía que echar un vistazo era hora de almorzar así que decidimos comer en su hermoso jardín nos sorprendió gratamente que la comida las bebidas y el servicio era bueno no es el servicio más rápido alrededor pero es México después de todo disfrutamos del pianista en la guitarra y él no tocó hotel California una vez mucho para nuestro deleite más,4.0,El año pasado fuimos a todos los santos y nunca lo hicimos por el famoso hotel de California así que este año decidimos que al menos tenía que echar un vistazo era hora de almorzar así que decidimos comer en su hermoso jardín nos sorprendió gratamente que la comida las bebidas y el servicio era bueno no es el servicio más rápido alrededor pero es México después de todo disfrutamos del pianista en la guitarra y él no tocó hotel California una vez mucho para nuestro deleite más
Visitamos este restaurante dos veces durante nuestra estancia en la isla las raciones son enormes y los platos eran sabrosos el servicio era genial y la comida se hace con ingredientes frescos,4.0,Visitamos este restaurante dos veces durante nuestra estancia en la isla las raciones son enormes y los platos eran sabrosos el servicio era genial y la comida se hace con ingredientes frescos
Este lugar es agradable si quieres caminar y apreciar el mar y sus paisajes como la explanada es muy amplia mucha gente va allí a hacer ejercicio y es perfecto si quieres tomar una foto con el nombre de las mujeres de la isla,4.0,Este lugar es agradable si quieres caminar y apreciar el mar y sus paisajes como la explanada es muy amplia mucha gente va allí a hacer ejercicio y es perfecto si quieres tomar una foto con el nombre de las mujeres de la isla
Aunque fue en remodelación la estancia era agradable el lugar estaba limpio y tenía buenos servicios está a pocos metros de la base de la ciudad es necesario cuidar en este hotel y en general en taxco con dos factores el ruido debido al exceso de vehículos y las dificultades para moverse debido a la constante desigualdad de la ciudad enclavada en las colinas de la montaña,4.0,Aunque fue en remodelación la estancia era agradable el lugar estaba limpio y tenía buenos servicios está a pocos metros de la base de la ciudad es necesario cuidar en este hotel y en general en taxco con dos factores el ruido debido al exceso de vehículos y las dificultades para moverse debido a la constante desigualdad de la ciudad enclavada en las colinas de la montaña
es una playa que se encuentra a minutos de todos los santos se accede a través de un camino de tierra de un sentido por lo que hay que tener cuidado con los coches en la dirección opuesta la playa es mar abierto con un oleaje engañoso y prácticamente en unos pocos metros se vuelve muy profundo por lo que no se recomienda nadar o dejar que los niños pequeños se acerquen demasiado tienes que ir preparado con paraguas y bebidas al menos ya que no hay ningún tipo de servicio o instalación muy bueno para relajarse viendo romper las olas,4.0,es una playa que se encuentra a minutos de todos los santos se accede a través de un camino de tierra de un sentido por lo que hay que tener cuidado con los coches en la dirección opuesta la playa es mar abierto con un oleaje engañoso y prácticamente en unos pocos metros se vuelve muy profundo por lo que no se recomienda nadar o dejar que los niños pequeños se acerquen demasiado tienes que ir preparado con paraguas y bebidas al menos ya que no hay ningún tipo de servicio o instalación muy bueno para relajarse viendo romper las olas
el restaurante que queríamos ir a ese día estaba cerrado pero la gente de la zona nos sugirió real San Pedro y nos alegró que no el menú tenía muchas opciones la calidad de la comida que servía era grande y el ambiente era excelente el restaurante se encuentra en la calle juárez a poca distancia del centro de tlaquepaque una vez dentro de la decoración es muy agradable el servicio es buena la selección de cócteles y vinos es muy buena y la comida estaba muy bien presentada volveré allí más,4.0,el restaurante que queríamos ir a ese día estaba cerrado pero la gente de la zona nos sugirió real San Pedro y nos alegró que no el menú tenía muchas opciones la calidad de la comida que servía era grande y el ambiente era excelente el restaurante se encuentra en la calle juárez a poca distancia del centro de tlaquepaque una vez dentro de la decoración es muy agradable el servicio es buena la selección de cócteles y vinos es muy buena y la comida estaba muy bien presentada volveré allí más
"Si usted está en San Christobal de las casas debe darse tiempo para conocer este lugar no sólo por lo que exponen allí, sino como lo exponen altamente recomendado",4.0,"Si usted está en San Christobal de las casas debe darse tiempo para conocer este lugar no sólo por lo que exponen allí, sino como lo exponen altamente recomendado"
altamente recomendado restaurante muy buen servicio y deliciosa comida sólo tiene un tache porque no tienen cambiador para el bebé,4.0,altamente recomendado restaurante muy buen servicio y deliciosa comida sólo tiene un tache porque no tienen cambiador para el bebé
"Pasé las noches la aurora colonial del hotel en junio las camas eran muy cómodas y limpias y la ubicación del hotel era genial cuanto más son del vestíbulo la conexión se vuelve un poco irregular y tuve un poco de ruido de la calle ya que mi baño estaba al lado del estacionamiento, pero en general una buena relación calidad precio",4.0,"Pasé las noches la aurora colonial del hotel en junio las camas eran muy cómodas y limpias y la ubicación del hotel era genial cuanto más son del vestíbulo la conexión se vuelve un poco irregular y tuve un poco de ruido de la calle ya que mi baño estaba al lado del estacionamiento, pero en general una buena relación calidad precio"
"Hay muy poca sombra y es muy caliente Recomiendo llevar agua y un sombrero, pero vale la pena visitar las vistas del agua son impresionantes acantilados y de la caminata a lo largo del camino buscar iguanas en el camino a pie hay un pequeño restaurante donde se puede parar para un aperitivo o una bebida fría y disfrutar de las vistas hay un costo para utilizar el baño",4.0,"Hay muy poca sombra y es muy caliente Recomiendo llevar agua y un sombrero, pero vale la pena visitar las vistas del agua son impresionantes acantilados y de la caminata a lo largo del camino buscar iguanas en el camino a pie hay un pequeño restaurante donde se puede parar para un aperitivo o una bebida fría y disfrutar de las vistas hay un costo para utilizar el baño"
después de haber visitado chichen itza y coba la visita a tulum puede defraudar un poco la parafernalia turística que se han montado alrededor del hecho de estar prácticamente unido a una ciudad y junto al mar tiene sus ventajas y sus desventajas pero es esencial visitarla,4.0,después de haber visitado chichen itza y coba la visita a tulum puede defraudar un poco la parafernalia turística que se han montado alrededor del hecho de estar prácticamente unido a una ciudad y junto al mar tiene sus ventajas y sus desventajas pero es esencial visitarla
Estábamos la semana durante el año nuevo y tenía este viaje planeado desde septiembre tengo que admitir que estaba un poco nervioso de los pocos malos comentarios aquí pero la mayoría de ellos son sin fundamento la gran ventaja para nosotros era la comida el maravilloso servicio personal el ambiente familiar y los jardines nuestra habitación estaba bien aunque el jacuzzi necesita mantenimiento y algunos de sus accesorios consejos y recomendaciones ir fácil en bebidas azucaradas y comer en exceso que es el terreno de cultivo por lo que la gente se enferma de bacterias no la comida en sí toman una flora probiótica inteligente con el estómago vacío cada mañana conseguir una habitación en el tercer piso que no tendrá ningún problema,4.0,Estábamos la semana durante el año nuevo y tenía este viaje planeado desde septiembre tengo que admitir que estaba un poco nervioso de los pocos malos comentarios aquí pero la mayoría de ellos son sin fundamento la gran ventaja para nosotros era la comida el maravilloso servicio personal el ambiente familiar y los jardines nuestra habitación estaba bien aunque el jacuzzi necesita mantenimiento y algunos de sus accesorios consejos y recomendaciones ir fácil en bebidas azucaradas y comer en exceso que es el terreno de cultivo por lo que la gente se enferma de bacterias no la comida en sí toman una flora probiótica inteligente con el estómago vacío cada mañana conseguir una habitación en el tercer piso que no tendrá ningún problema
"Cuando llegamos por primera vez pensé que estábamos en Tijuana después de minutos me di cuenta de que me equivoqué al ir de compras no es nada para destacar lo mismo que se puede encontrar en cualquier otro lugar en Cancún o carmen playa, pero sin importar es una ciudad muy segura para montar en motocicletas y carritos de golf Estoy deseando devolver carritos de golf y coronas lo que puede salir mal",4.0,"Cuando llegamos por primera vez pensé que estábamos en Tijuana después de minutos me di cuenta de que me equivoqué al ir de compras no es nada para destacar lo mismo que se puede encontrar en cualquier otro lugar en Cancún o carmen playa, pero sin importar es una ciudad muy segura para montar en motocicletas y carritos de golf Estoy deseando devolver carritos de golf y coronas lo que puede salir mal"
es uno de los lugares más conocidos de México debido a sus magníficas pirámides es sin duda algo que no te puedes perder saber Teotihuacan tiene varias actividades como el vuelo en globo de la gira en bicicleta los talleres de artesanía ya que son más,4.0,es uno de los lugares más conocidos de México debido a sus magníficas pirámides es sin duda algo que no te puedes perder saber Teotihuacan tiene varias actividades como el vuelo en globo de la gira en bicicleta los talleres de artesanía ya que son más
puedes contratar tours con guías profesionales en la entrada o hacerlo por tu cuenta si contratas puedes pedir descuento para grupos puedes entrar en algunas de las ruinas y es hermoso por la naturaleza que te rodea,4.0,puedes contratar tours con guías profesionales en la entrada o hacerlo por tu cuenta si contratas puedes pedir descuento para grupos puedes entrar en algunas de las ruinas y es hermoso por la naturaleza que te rodea
"Fue una buena experiencia que fue sólo una visita corta, pero la zona en general es limpia es un spa económico y le ofrece buenas opciones por el precio que tienen bañeras de hidromasaje, así como pequeñas diapositivas la única razón por la que no ganar las estrellas es por qué si vas de vacaciones hay demasiada gente y no se puede relajarse como se espera",4.0,"Fue una buena experiencia que fue sólo una visita corta, pero la zona en general es limpia es un spa económico y le ofrece buenas opciones por el precio que tienen bañeras de hidromasaje, así como pequeñas diapositivas la única razón por la que no ganar las estrellas es por qué si vas de vacaciones hay demasiada gente y no se puede relajarse como se espera"
El hotel de estilo colonia está bien situado se puede llegar a la plaza y el jardín principal caminando cómodas y acogedoras habitaciones altamente recomendadas por su inmejorable ubicación buena atención del personal de recepción y cuenta con todos los servicios y comodidades wifi gratuito tv,4.0,El hotel de estilo colonia está bien situado se puede llegar a la plaza y el jardín principal caminando cómodas y acogedoras habitaciones altamente recomendadas por su inmejorable ubicación buena atención del personal de recepción y cuenta con todos los servicios y comodidades wifi gratuito tv
Vine aquí con amantes de la carne y todos hablan maravillas pensé que era muy bueno pero no un montón de opciones para vegetarianos pero si te gusta la carne que debe venir aquí,4.0,Vine aquí con amantes de la carne y todos hablan maravillas pensé que era muy bueno pero no un montón de opciones para vegetarianos pero si te gusta la carne que debe venir aquí
cerca del museo textil o catedral del Santo Domingo se encuentra este pequeño restaurante con sabor casero no es de los más baratos pero la comida es buena,4.0,cerca del museo textil o catedral del Santo Domingo se encuentra este pequeño restaurante con sabor casero no es de los más baratos pero la comida es buena
para hacer ejercicios ver la ciudad y sentir gran energía vale la pena usar buenos zapatos ropa cómoda y agua,4.0,para hacer ejercicios ver la ciudad y sentir gran energía vale la pena usar buenos zapatos ropa cómoda y agua
la comida el servicio y el ambiente era muy agradable por encima de la calidad media en general toda la comida tenía un montón de sabor multidimensional es inusual en la comida que se sirve en la mayoría de los restaurantes donde sea que vivas o viajes vinos de vidrio son limitados pero hay un bar completo después de la cena nos involucramos en una conversación con un empleado era muy ofensivo sobre el lugar que somos y lo que considero la política puso un mal final en una noche maravillosa esta persona rubia con cola no debe estar tratando con el público de lo contrario el lugar tiene mucho que disfrutar y vale la pena la visita es por eso que estoy valor,4.0,la comida el servicio y el ambiente era muy agradable por encima de la calidad media en general toda la comida tenía un montón de sabor multidimensional es inusual en la comida que se sirve en la mayoría de los restaurantes donde sea que vivas o viajes vinos de vidrio son limitados pero hay un bar completo después de la cena nos involucramos en una conversación con un empleado era muy ofensivo sobre el lugar que somos y lo que considero la política puso un mal final en una noche maravillosa esta persona rubia con cola no debe estar tratando con el público de lo contrario el lugar tiene mucho que disfrutar y vale la pena la visita es por eso que estoy valor
Como todos los otros comentarios dicen que es muy difícil subida empinada durante unos minutos por hora dependiendo de su nivel de fitness es más como una escalera de senderismo principal natural que debe tomar una botella de agua para el senderismo y empezar temprano por la mañana cuando se abre hay dólares para ver templo el templo se abre a las rocas son muy resbaladizos y casi me resbalé dos veces con mis zapatillas no llevar sandalias o tacones como algunas personas no se quedan fines de semana ya que se llena mucho y si la vista es invaluable y vale la pena cada paso,4.0,Como todos los otros comentarios dicen que es muy difícil subida empinada durante unos minutos por hora dependiendo de su nivel de fitness es más como una escalera de senderismo principal natural que debe tomar una botella de agua para el senderismo y empezar temprano por la mañana cuando se abre hay dólares para ver templo el templo se abre a las rocas son muy resbaladizos y casi me resbalé dos veces con mis zapatillas no llevar sandalias o tacones como algunas personas no se quedan fines de semana ya que se llena mucho y si la vista es invaluable y vale la pena cada paso
Recomiendo la pasta verdi con sabor salmón suave y sólo porción de los precios accesibles y la atención del propietario muy bien practiqué el pequeño italiano que conozco ambiente agradable sólo mesas,4.0,Recomiendo la pasta verdi con sabor salmón suave y sólo porción de los precios accesibles y la atención del propietario muy bien practiqué el pequeño italiano que conozco ambiente agradable sólo mesas
Mi marido y yo alquilamos un carrito de golf para explorar la isla y fuimos a la punta sur fue impresionante para ver todas las iguanas y ruinas caminar hasta el final y bajar las escaleras para que realmente pueda disfrutar de todo lo que la señora no nos cobraron la entrada como habíamos hecho descubrimiento de delfines en el mismo increíble día,4.0,Mi marido y yo alquilamos un carrito de golf para explorar la isla y fuimos a la punta sur fue impresionante para ver todas las iguanas y ruinas caminar hasta el final y bajar las escaleras para que realmente pueda disfrutar de todo lo que la señora no nos cobraron la entrada como habíamos hecho descubrimiento de delfines en el mismo increíble día
Es una buena opción para comer incluso que el servicio de ese día fue muy lento sólo había un camarero y un cocinero para todas las personas que llegaron la factura es fecha que todavía no llega a pesar de haber dejado mis datos y casi más,4.0,Es una buena opción para comer incluso que el servicio de ese día fue muy lento sólo había un camarero y un cocinero para todas las personas que llegaron la factura es fecha que todavía no llega a pesar de haber dejado mis datos y casi más
todo el mundo en este hotel es muy acogedor nuestra habitación estaba limpia y espaciosa con un reproductor de DVD con vistas al jardín ambas piscinas estaban limpias la calidad del hotel era de primera clase el restaurante italiano y restaurante francés era magnífico tenían horas de servicio de comida recomendaría este hotel en tulum,4.0,todo el mundo en este hotel es muy acogedor nuestra habitación estaba limpia y espaciosa con un reproductor de DVD con vistas al jardín ambas piscinas estaban limpias la calidad del hotel era de primera clase el restaurante italiano y restaurante francés era magnífico tenían horas de servicio de comida recomendaría este hotel en tulum
"Comimos aquí el viernes por la noche y desde el segundo piso pudimos ver algunos de los espectáculos callejeros entonces el servicio fue muy lento y esperamos mucho tiempo para la cena, pero fue una noche muy ajetreada y eso es comprensible que la comida en sí era muy sabrosa aunque una de las raciones era bastante pequeña para un buen hombre adulto relación calidad precio tanto en el departamento de comida y bebida por lo que merece una muy buena calificación más",4.0,"Comimos aquí el viernes por la noche y desde el segundo piso pudimos ver algunos de los espectáculos callejeros entonces el servicio fue muy lento y esperamos mucho tiempo para la cena, pero fue una noche muy ajetreada y eso es comprensible que la comida en sí era muy sabrosa aunque una de las raciones era bastante pequeña para un buen hombre adulto relación calidad precio tanto en el departamento de comida y bebida por lo que merece una muy buena calificación más"
Me hubiera gustado ir al BBC durante años y finalmente lo hicimos iba a ir solo y terminó con amigos Conocí a varios viajeros solos y sin duda volverá para mí el complejo es rústico y satisfacerá las necesidades si usted está buscando rústico chic si usted quiere el tulum amansala temporadas no es el lugar para usted el BBC es genial si usted está buscando para unas vacaciones con énfasis en la salud y buena alimentación además usted encontrará un grupo de mujeres y tal vez un hombre hecho amigos o la comida era increíble genial maravilloso y perfecto había vino de cerveza y cócteles si usted,4.0,Me hubiera gustado ir al BBC durante años y finalmente lo hicimos iba a ir solo y terminó con amigos Conocí a varios viajeros solos y sin duda volverá para mí el complejo es rústico y satisfacerá las necesidades si usted está buscando rústico chic si usted quiere el tulum amansala temporadas no es el lugar para usted el BBC es genial si usted está buscando para unas vacaciones con énfasis en la salud y buena alimentación además usted encontrará un grupo de mujeres y tal vez un hombre hecho amigos o la comida era increíble genial maravilloso y perfecto había vino de cerveza y cócteles si usted
rica comida junto al mar y la atención de los camareros es excelente siempre atentos los precios son accesibles Recomiendo alquilar una cabaña con sus sombrillas,4.0,rica comida junto al mar y la atención de los camareros es excelente siempre atentos los precios son accesibles Recomiendo alquilar una cabaña con sus sombrillas
"este lugar es un poco anticuado y algo ruidoso debido a paredes muy delgadas, pero una ubicación perfecta y jardines muy agradables con un personal muy amable volvería mañana si tuviera la oportunidad de la barbacoa fuera frente a una tarde cálida de febrero es difícil de superar y uno se encuentra con los mejores viajeros de todo el mundo",4.0,"este lugar es un poco anticuado y algo ruidoso debido a paredes muy delgadas, pero una ubicación perfecta y jardines muy agradables con un personal muy amable volvería mañana si tuviera la oportunidad de la barbacoa fuera frente a una tarde cálida de febrero es difícil de superar y uno se encuentra con los mejores viajeros de todo el mundo"
Cogimos el colectivo desde fuera de la hacienda en el complejo Bay Prince toma aproximadamente minutos y nos dejó en frente de la entrada a las ruinas se puede caminar en minutos o tomar un servicio de transporte que llegamos antes de la y nos fuimos alrededor de la cuando las multitudes estaban creciendo y el calor era el edificio para evitar las multitudes y el calor intenta estar allí a la m cuando el parque abre las ruinas en sí eran muy interesantes y exactamente como imaginé haber visto otros lugares similares en Guatemala los jardines son bastante extensos y hay muchas ruinas en todas partes hay corredores y la playa es accesible por las escaleras eran muchos bañ,4.0,Cogimos el colectivo desde fuera de la hacienda en el complejo Bay Prince toma aproximadamente minutos y nos dejó en frente de la entrada a las ruinas se puede caminar en minutos o tomar un servicio de transporte que llegamos antes de la y nos fuimos alrededor de la cuando las multitudes estaban creciendo y el calor era el edificio para evitar las multitudes y el calor intenta estar allí a la m cuando el parque abre las ruinas en sí eran muy interesantes y exactamente como imaginé haber visto otros lugares similares en Guatemala los jardines son bastante extensos y hay muchas ruinas en todas partes hay corredores y la playa es accesible por las escaleras eran muchos bañ
No cargues tus cosas de playa No creo que valga la pena el área dentro del sitio arqueológico el sitio es muy accesible para llevar bebés y su silla,4.0,No cargues tus cosas de playa No creo que valga la pena el área dentro del sitio arqueológico el sitio es muy accesible para llevar bebés y su silla
buen lugar ambiente relajado salmón es muy buena paella es bueno para secar el lugar tiene buena decoración,4.0,buen lugar ambiente relajado salmón es muy buena paella es bueno para secar el lugar tiene buena decoración
"Salimos por la tarde para encontrar el lugar muy fácil de encontrar el pequeño jardín con un toque de comida muy romántico era bueno, pero los platos son bastante pequeños volverían",4.0,"Salimos por la tarde para encontrar el lugar muy fácil de encontrar el pequeño jardín con un toque de comida muy romántico era bueno, pero los platos son bastante pequeños volverían"
el museo de conservación de la tortuga como su nombre dice que su objetivo es concienciar a la población sobre lo cerca que estamos de la extinción de tan hermoso animal el recoorido consiste en un área donde conservan tortugas y luego las liberan y un acuario con las diversas especies es un lugar pequeño pero me parece que están construyendo para su expansión vale la pena que si vas por estas rutas giras y apoyas sea loable porque cuesta sólo pesos,4.0,el museo de conservación de la tortuga como su nombre dice que su objetivo es concienciar a la población sobre lo cerca que estamos de la extinción de tan hermoso animal el recoorido consiste en un área donde conservan tortugas y luego las liberan y un acuario con las diversas especies es un lugar pequeño pero me parece que están construyendo para su expansión vale la pena que si vas por estas rutas giras y apoyas sea loable porque cuesta sólo pesos
Nos quedamos aquí porque vinimos a la ciudad de México para visitar la pirámide del sol que resultó estar cerrada pensamos que sería mejor permanecer cerca de la pirámide en lugar de tener que viajar unas horas para llegar allí y luego otro para volver a un hotel en la ciudad de México escogí esto porque era el hotel con el mejor aspecto tan cerca del sitio de la pirámide nos quedamos en la suite ejecutiva porque tiene un jacuzzi que estaba muy limpio y funcionaba maravillosamente la piscina y el parque infantil también estaban cerrados por lo que la bañera de nuestra habitación era definitivamente útil todo el hotel incluido nuestra habitación era extremadamente limpia la cama,4.0,Nos quedamos aquí porque vinimos a la ciudad de México para visitar la pirámide del sol que resultó estar cerrada pensamos que sería mejor permanecer cerca de la pirámide en lugar de tener que viajar unas horas para llegar allí y luego otro para volver a un hotel en la ciudad de México escogí esto porque era el hotel con el mejor aspecto tan cerca del sitio de la pirámide nos quedamos en la suite ejecutiva porque tiene un jacuzzi que estaba muy limpio y funcionaba maravillosamente la piscina y el parque infantil también estaban cerrados por lo que la bañera de nuestra habitación era definitivamente útil todo el hotel incluido nuestra habitación era extremadamente limpia la cama
extensa playa con alto oleaje pero descanso a o metros de la playa que lo hace ideal para el surf o para las personas que les gusta saltar las olas también para los niños ya que es muy bajo en la orilla pero con cuidado hay un restaurante con buenos servicios de comida y bebida a pocos kilómetros antes de que todos los santos es la salida que viene del cabo san lucas súper relajante,4.0,extensa playa con alto oleaje pero descanso a o metros de la playa que lo hace ideal para el surf o para las personas que les gusta saltar las olas también para los niños ya que es muy bajo en la orilla pero con cuidado hay un restaurante con buenos servicios de comida y bebida a pocos kilómetros antes de que todos los santos es la salida que viene del cabo san lucas súper relajante
el ambiente es todavía muy agradable y aún más en su cantina con las maravillosas máscaras que llenan las paredes del lugar aunque ese restaurante galería deja lo que desea las obras expuestas en las paredes son francamente triste al menos lo que me ha tocado ver más,4.0,el ambiente es todavía muy agradable y aún más en su cantina con las maravillosas máscaras que llenan las paredes del lugar aunque ese restaurante galería deja lo que desea las obras expuestas en las paredes son francamente triste al menos lo que me ha tocado ver más
este lugar muestra la fuerza de la naturaleza en una escalera de varias cascadas en la ocasión que visitamos su agua no era tan azul debido a las lluvias recientes por lo que es aconsejable visitarla no con lluvias recientes sin embargo su fuerza y su imagen son impresionantes una verdadera belleza de la naturaleza en chiapas,4.0,este lugar muestra la fuerza de la naturaleza en una escalera de varias cascadas en la ocasión que visitamos su agua no era tan azul debido a las lluvias recientes por lo que es aconsejable visitarla no con lluvias recientes sin embargo su fuerza y su imagen son impresionantes una verdadera belleza de la naturaleza en chiapas
buen lugar comida típica vallesana buena terraza con una excelente vista buena ubicación es para todas las ocasiones,4.0,buen lugar comida típica vallesana buena terraza con una excelente vista buena ubicación es para todas las ocasiones
"Es un hotel interesante agradable el servicio es bueno la comida es delicioso algunas habitaciones están muy alejados de la piscina y restaurante tienes que caminar sobre la arena para llegar a ellos y si llueve no hay ningún lugar techado para ir el precio es un poco de alto valor costo beneficio la comida también es muy caro buena experiencia para saber, pero creo que sólo volvería por la comida",4.0,"Es un hotel interesante agradable el servicio es bueno la comida es delicioso algunas habitaciones están muy alejados de la piscina y restaurante tienes que caminar sobre la arena para llegar a ellos y si llueve no hay ningún lugar techado para ir el precio es un poco de alto valor costo beneficio la comida también es muy caro buena experiencia para saber, pero creo que sólo volvería por la comida"
Las habitaciones son muy agradables y muy cómodos el baño que para mí es muy importante para ti es muy limpio y muy adecuado lo malo es que en la tarifa no incluye la empresa de desayuno y el gimnasio es muy pequeño pero la verdad si me gustaría volver descansa muy bien,4.0,Las habitaciones son muy agradables y muy cómodos el baño que para mí es muy importante para ti es muy limpio y muy adecuado lo malo es que en la tarifa no incluye la empresa de desayuno y el gimnasio es muy pequeño pero la verdad si me gustaría volver descansa muy bien
El hotel es agradable en la carretera entre san juan del río y tequisquiapan todo el personal amable y servicial buena calidad relación precio alimentos debe mejorar las habitaciones remodelando las tvs todavía son viejos en caso de visita de negocios no tiene un escritorio para trabajar en las habitaciones al aire libre que escucha todo el ruido de la carretera,4.0,El hotel es agradable en la carretera entre san juan del río y tequisquiapan todo el personal amable y servicial buena calidad relación precio alimentos debe mejorar las habitaciones remodelando las tvs todavía son viejos en caso de visita de negocios no tiene un escritorio para trabajar en las habitaciones al aire libre que escucha todo el ruido de la carretera
Tuvimos la suerte de que era bastante tranquilo cuando fuimos hoy creo que entre los grupos de turistas y estaban allí desde que pagamos pesos ya que teníamos nuestro propio equipo de buceo nuestro apartamento también tenía una piscina de fideos que tomamos para nuestra hija sin embargo ella no lo necesitaba no tuvimos ningún problema con áspero somos un poco snobs por lo que el buceo no encontramos nuestro disfrute es una experiencia única con el sistema radicular y las áreas de túnel también disfrutamos de la calidez del agua de mar no recomendar guías no hay mucho que ver y cuando nadamos realmente no tenemos mucho que decir que no,4.0,Tuvimos la suerte de que era bastante tranquilo cuando fuimos hoy creo que entre los grupos de turistas y estaban allí desde que pagamos pesos ya que teníamos nuestro propio equipo de buceo nuestro apartamento también tenía una piscina de fideos que tomamos para nuestra hija sin embargo ella no lo necesitaba no tuvimos ningún problema con áspero somos un poco snobs por lo que el buceo no encontramos nuestro disfrute es una experiencia única con el sistema radicular y las áreas de túnel también disfrutamos de la calidez del agua de mar no recomendar guías no hay mucho que ver y cuando nadamos realmente no tenemos mucho que decir que no
la verdad es muy lindo lo único que realmente me asustó fue el sonido que los matones aulladores emiten por la noche realmente es un sonido q es muy aterrador pero y el hotel está limpio y tiene en jacuzzi muy agradable este muy muy muy agradable sólo si eres de la gente q despertar con cualquier sonido no es la opción,4.0,la verdad es muy lindo lo único que realmente me asustó fue el sonido que los matones aulladores emiten por la noche realmente es un sonido q es muy aterrador pero y el hotel está limpio y tiene en jacuzzi muy agradable este muy muy muy agradable sólo si eres de la gente q despertar con cualquier sonido no es la opción
el pozole es delicioso este es un lugar que tienes que probar los jueves son de pozole a guerrero así que hay un poco más de gente pero vale la pena,4.0,el pozole es delicioso este es un lugar que tienes que probar los jueves son de pozole a guerrero así que hay un poco más de gente pero vale la pena
el agua era freeeezinggg pero supongo que eso es lo que se esperaba era una maravilla para nadar en el cenote y hay baños y habitaciones disponibles para cambiarnos definitivamente recomendaría que nades en uno de los cenotes mexicanos s,4.0,el agua era freeeezinggg pero supongo que eso es lo que se esperaba era una maravilla para nadar en el cenote y hay baños y habitaciones disponibles para cambiarnos definitivamente recomendaría que nades en uno de los cenotes mexicanos s
un pequeño pero muy agradable recorrido no se puede perder todas las pequeñas exposiciones y sobre todo el tiroteo contra la diversión para los niños y grandes,4.0,un pequeño pero muy agradable recorrido no se puede perder todas las pequeñas exposiciones y sobre todo el tiroteo contra la diversión para los niños y grandes
"en un hotel muy cómodo con comodidad e higiene, así como trato amable y amable del personal en gral la comida muy en consonancia con la región, así como su decoración y ambiente ya pasado repetidamente en este lugar lo prefiero a otros por su precio y accesibilidad a toda la ciudad",4.0,"en un hotel muy cómodo con comodidad e higiene, así como trato amable y amable del personal en gral la comida muy en consonancia con la región, así como su decoración y ambiente ya pasado repetidamente en este lugar lo prefiero a otros por su precio y accesibilidad a toda la ciudad"
Pasamos un fin de semana en la ciudad de México así que decidí pasar el día en teotihuacan pasé una buena parte de la mañana buscando la estación de autobuses que no pude encontrar así que terminamos pagando un taxi para llevarme todo el camino fue una hora en coche de la zona rosa a teotihuacan los billetes son bastante baratos y hay varios restaurantes en caso de que tengas hambre el sitio es enorme incluso para un caminante rápido ya que me tomé casi una hora caminando desde el final hasta el final me las arreglé para llegar a la parte superior de la pirámide del sol cuando el sol pasó a la,4.0,Pasamos un fin de semana en la ciudad de México así que decidí pasar el día en teotihuacan pasé una buena parte de la mañana buscando la estación de autobuses que no pude encontrar así que terminamos pagando un taxi para llevarme todo el camino fue una hora en coche de la zona rosa a teotihuacan los billetes son bastante baratos y hay varios restaurantes en caso de que tengas hambre el sitio es enorme incluso para un caminante rápido ya que me tomé casi una hora caminando desde el final hasta el final me las arreglé para llegar a la parte superior de la pirámide del sol cuando el sol pasó a la
"Mi marido y yo y dos niños y se quedaron dormidos durante una semana nuestra habitación tenía dos camas dobles y un sofá cama con mucho espacio y los niños no tenían que dormir juntos el servicio de limpieza era excelente limpiaron la habitación durante el día y también había un servicio de cobertura que hizo otra limpieza por la noche la mini nevera repostó las piscinas en el complejo todos los días era gran cantidad de entretenimiento durante el día en las piscinas, así como juegos de playa ping pong y shuffleboard la playa estaba bien había un montón de algas el personal hizo lo mejor que pudieron para mantenerlo limpio, pero todavía",4.0,"Mi marido y yo y dos niños y se quedaron dormidos durante una semana nuestra habitación tenía dos camas dobles y un sofá cama con mucho espacio y los niños no tenían que dormir juntos el servicio de limpieza era excelente limpiaron la habitación durante el día y también había un servicio de cobertura que hizo otra limpieza por la noche la mini nevera repostó las piscinas en el complejo todos los días era gran cantidad de entretenimiento durante el día en las piscinas, así como juegos de playa ping pong y shuffleboard la playa estaba bien había un montón de algas el personal hizo lo mejor que pudieron para mantenerlo limpio, pero todavía"
"Me encanta el pescado mojo de ajo y este plato en yves era maravilloso pescado fresco y tierno y abundante ajo que normalmente habría ido a una mesa con vistas al lago, pero con una banda tocando en la orilla decidimos que podía escuchar mejor unos a otros con una mesa interior con ventanas abiertas que tenían una gran vista de la puesta de sol en el lago y disfrutamos de las brisas bar de ensaladas Alisian era variado y delicioso ya que nuestros platos de acompañamiento los camareros eran muy amables y la comprensión de nuestros intentos de utilizar nuestro español más",4.0,"Me encanta el pescado mojo de ajo y este plato en yves era maravilloso pescado fresco y tierno y abundante ajo que normalmente habría ido a una mesa con vistas al lago, pero con una banda tocando en la orilla decidimos que podía escuchar mejor unos a otros con una mesa interior con ventanas abiertas que tenían una gran vista de la puesta de sol en el lago y disfrutamos de las brisas bar de ensaladas Alisian era variado y delicioso ya que nuestros platos de acompañamiento los camareros eran muy amables y la comprensión de nuestros intentos de utilizar nuestro español más"
"este agradable limpio y básico su excelente área de relajación necesita un poco de variedad en la comida, pero bien reservar en línea en su página en Semana Santa y sin problemas puede parecer que necesita una renovación, pero esto generalmente aceptable todo",4.0,"este agradable limpio y básico su excelente área de relajación necesita un poco de variedad en la comida, pero bien reservar en línea en su página en Semana Santa y sin problemas puede parecer que necesita una renovación, pero esto generalmente aceptable todo"
"Para estar en otros sitios de ruinas mayas no nos detenemos para una excursión allí, pero no caminar para ver las vistas hay una playa increíble allí y las vistas son increíbles tratar de llegar tan pronto como sea posible antes incluso para evitar los cruceros y las multitudes de calor casi no hay sombra y muy caliente no se lo pierdan si en tulum",4.0,"Para estar en otros sitios de ruinas mayas no nos detenemos para una excursión allí, pero no caminar para ver las vistas hay una playa increíble allí y las vistas son increíbles tratar de llegar tan pronto como sea posible antes incluso para evitar los cruceros y las multitudes de calor casi no hay sombra y muy caliente no se lo pierdan si en tulum"
Este es de lejos uno de los cenotes debe ver en Yucatán bien cuidado y tranquilo que voy a dejar la revisión no te pierdas esto dicen chicago joe enviado,4.0,Este es de lejos uno de los cenotes debe ver en Yucatán bien cuidado y tranquilo que voy a dejar la revisión no te pierdas esto dicen chicago joe enviado
Si estás en la playa de tulum o carmen debes ir a las ruinas de tulum es muy barato para ir a la habitación y tienes la oportunidad de ver una de las únicas ruinas en el océano hay un buen descriptor de placas en varios edificios que dan información sobre la historia de la zona maya se puede seleccionar junto con un grupo de turismo para obtener aún más información si vas allí a la playa es arena hermosa es como polvo incluso mejor que los complejos de la zona y en la playa de los carmen hay kitesurfing en la playa justo debajo de las ruinas y se puede ver kitesur,4.0,Si estás en la playa de tulum o carmen debes ir a las ruinas de tulum es muy barato para ir a la habitación y tienes la oportunidad de ver una de las únicas ruinas en el océano hay un buen descriptor de placas en varios edificios que dan información sobre la historia de la zona maya se puede seleccionar junto con un grupo de turismo para obtener aún más información si vas allí a la playa es arena hermosa es como polvo incluso mejor que los complejos de la zona y en la playa de los carmen hay kitesurfing en la playa justo debajo de las ruinas y se puede ver kitesur
La entrada es de pesos entrando hay una habitación con fotos del lugar entonces se puede caminar un camino q te lleva a un arroyo que se llama el borbollon y un kilomtro entonces hay el pozo con un mirador al que se puede subir para tener un mejor ángulo de visión el pozo vale mucho también hay otro pozo en la entrada donde se supone que hay tortugas pero no vi nada cuando iba a salir le pregunté a la señora y saqué dos tortugas bisagras que tenían y me dejaron cargarlas y tomar fotos,4.0,La entrada es de pesos entrando hay una habitación con fotos del lugar entonces se puede caminar un camino q te lleva a un arroyo que se llama el borbollon y un kilomtro entonces hay el pozo con un mirador al que se puede subir para tener un mejor ángulo de visión el pozo vale mucho también hay otro pozo en la entrada donde se supone que hay tortugas pero no vi nada cuando iba a salir le pregunté a la señora y saqué dos tortugas bisagras que tenían y me dejaron cargarlas y tomar fotos
el servicio en restaurante es excelente por parte de todo su personal las personas que reciben el equipaje con muy buena actitud en la piscina muy bien sus instalaciones limpias en general el hotel es muy bueno para un pequeño detalle la recepción no puede entender si es un hotel tan bueno en general y no económico por cierto porque en recepción si es la primera y última cara que ves porque algunas personas tienden a complicar su estancia estoy hablando exclusivamente de los reyes monserrat guadalupe que me las arreglo para hacernos sentir realmente mal,4.0,el servicio en restaurante es excelente por parte de todo su personal las personas que reciben el equipaje con muy buena actitud en la piscina muy bien sus instalaciones limpias en general el hotel es muy bueno para un pequeño detalle la recepción no puede entender si es un hotel tan bueno en general y no económico por cierto porque en recepción si es la primera y última cara que ves porque algunas personas tienden a complicar su estancia estoy hablando exclusivamente de los reyes monserrat guadalupe que me las arreglo para hacernos sentir realmente mal
Este es un hermoso parque adyacente a la sección de historia donde muchos tipos diferentes de eventos se celebran un montón de hermosos árboles viejos y un pequeño arroyo no hay muchas instalaciones disponibles aparcamiento justo al lado de la entrada,4.0,Este es un hermoso parque adyacente a la sección de historia donde muchos tipos diferentes de eventos se celebran un montón de hermosos árboles viejos y un pequeño arroyo no hay muchas instalaciones disponibles aparcamiento justo al lado de la entrada
primera vez en este club de playa la verdad el buen servicio la increíble vista y relajante playa lo único que no me gusta que en el menú viene un precio y el último té quieren cargar otra y otras cosas así que recomiendo más,4.0,primera vez en este club de playa la verdad el buen servicio la increíble vista y relajante playa lo único que no me gusta que en el menú viene un precio y el último té quieren cargar otra y otras cosas así que recomiendo más
Nos alojamos en una habitación familiar con camas dobles y un solo buen tamaño de habitación con buenas camas el mobiliario aunque un poco viejo es adecuado el baño es espacioso aunque mal diseñado como la ducha inunda el resto del baño a favor excelente restaurante la tarifa incluye desayuno que es muy bueno para comer o cenar es también una gran opción la ubicación es inmejorable en frente de la plaza central con todo tipo de tiendas restaurantes a pocos pasos buen aparcamiento y cómodas habitaciones contra no calentar la piscina además de que está en construcción una expansión del hotel que puede ser incómodo para algunos en breve utilizamos valladoide como base para visitar cenotes arqueológicos,4.0,Nos alojamos en una habitación familiar con camas dobles y un solo buen tamaño de habitación con buenas camas el mobiliario aunque un poco viejo es adecuado el baño es espacioso aunque mal diseñado como la ducha inunda el resto del baño a favor excelente restaurante la tarifa incluye desayuno que es muy bueno para comer o cenar es también una gran opción la ubicación es inmejorable en frente de la plaza central con todo tipo de tiendas restaurantes a pocos pasos buen aparcamiento y cómodas habitaciones contra no calentar la piscina además de que está en construcción una expansión del hotel que puede ser incómodo para algunos en breve utilizamos valladoide como base para visitar cenotes arqueológicos
Sabía que ir a la zona cara del hotel de playa de tulum sería caro así que no había sorpresas me sentí un poco aislado en mi zona de camping sin electricidad y decidimos desperdiciar dijo que esta era una buena experiencia había una pequeña banda cubana iluminación agradable y un buen servicio pedí un burrito vegetariano y era realmente delicioso no estoy seguro de cómo los precios de mateo es comparar con otros restaurantes en la zona del hotel como yo estaba en un viaje de gira y en general evitar lugares donde uno debe pagar los precios turísticos más,4.0,Sabía que ir a la zona cara del hotel de playa de tulum sería caro así que no había sorpresas me sentí un poco aislado en mi zona de camping sin electricidad y decidimos desperdiciar dijo que esta era una buena experiencia había una pequeña banda cubana iluminación agradable y un buen servicio pedí un burrito vegetariano y era realmente delicioso no estoy seguro de cómo los precios de mateo es comparar con otros restaurantes en la zona del hotel como yo estaba en un viaje de gira y en general evitar lugares donde uno debe pagar los precios turísticos más
el día que llegamos hubo una fiesta con la banda y la gente tomada y cantando creo que no tiene nada que ver con el lugar donde se suponía que debíamos descansar y encontramos ese ruido que vino a nuestra habitación x hay lugares que parecen tristes y abandonados por ejemplo la piscina que da al lago y el camino al lago muy sucio da miedo en el restaurante te das cuenta de que los camareros de la mala organización van y vienen y cuidar de ti varias veces nuestra piscina en la habitación tenía algo verde y babosa x el resto es excelente muy buen lugar para pasar un fin de semana,4.0,el día que llegamos hubo una fiesta con la banda y la gente tomada y cantando creo que no tiene nada que ver con el lugar donde se suponía que debíamos descansar y encontramos ese ruido que vino a nuestra habitación x hay lugares que parecen tristes y abandonados por ejemplo la piscina que da al lago y el camino al lago muy sucio da miedo en el restaurante te das cuenta de que los camareros de la mala organización van y vienen y cuidar de ti varias veces nuestra piscina en la habitación tenía algo verde y babosa x el resto es excelente muy buen lugar para pasar un fin de semana
muy bonito hotel y acogedoras habitaciones funcionales pero absolutamente no hay servicios adicionales no hay servicio de habitaciones en absoluto no hay manera de llamar a la recepción en general el hotel le gustó pero prefiere todos los servicios de las marcas de calidad,4.0,muy bonito hotel y acogedoras habitaciones funcionales pero absolutamente no hay servicios adicionales no hay servicio de habitaciones en absoluto no hay manera de llamar a la recepción en general el hotel le gustó pero prefiere todos los servicios de las marcas de calidad
se puede ver desde la cima de San Christobal y hacer un poco de ejercicio con las escaleras que conducen a la iglesia detrás de la iglesia se puede ver los campos y la naturaleza,4.0,se puede ver desde la cima de San Christobal y hacer un poco de ejercicio con las escaleras que conducen a la iglesia detrás de la iglesia se puede ver los campos y la naturaleza
un hotel cuadras de la plaza está limpio y con todo lo básico es cómodo y no muy espacioso pero es suficiente para dormir cuando lo pasas todo el tiempo turista desayuno está muy bien servido y con muy buena temporada el único inconveniente es que el aparcamiento está a pocas cuadras pero es gratis es uno de los mejores,4.0,un hotel cuadras de la plaza está limpio y con todo lo básico es cómodo y no muy espacioso pero es suficiente para dormir cuando lo pasas todo el tiempo turista desayuno está muy bien servido y con muy buena temporada el único inconveniente es que el aparcamiento está a pocas cuadras pero es gratis es uno de los mejores
"Nunca había estado en un museo que se centró en la piratería que era muy interesante se conserva, aunque podrían invertir mucho más en señales de señalización y estaciones interactivas que no están funcionando",4.0,"Nunca había estado en un museo que se centró en la piratería que era muy interesante se conserva, aunque podrían invertir mucho más en señales de señalización y estaciones interactivas que no están funcionando"
casa colonial con fuente de cantera donde hay platos regionales música mariachi sabor tequila en vivo cantar y frascos o si prefieres barril de cerveza bien fría noche ambiente para la reunión familiar,4.0,casa colonial con fuente de cantera donde hay platos regionales música mariachi sabor tequila en vivo cantar y frascos o si prefieres barril de cerveza bien fría noche ambiente para la reunión familiar
Este es un lugar muy agradable las habitaciones están limpias y bien organizadas por favor tenga en cuenta que no hay aire acondicionado el baño está separado de la habitación por ambas puertas de estilo privacidad y no se puede poner el papel en el inodoro cosa aseo era el mayor inconveniente es realmente un desvío sentado junto a una cesta con caca de papel dijo que este hotel del resort está muy bien organizado sólo nos alojamos en uno de los banglos junto a la playa muy conveniente para la playa el restaurante y el bar la comida era excelente y el servicio era genial los empleados trabajan con un día de salida así que saber que el personal muy bien,4.0,Este es un lugar muy agradable las habitaciones están limpias y bien organizadas por favor tenga en cuenta que no hay aire acondicionado el baño está separado de la habitación por ambas puertas de estilo privacidad y no se puede poner el papel en el inodoro cosa aseo era el mayor inconveniente es realmente un desvío sentado junto a una cesta con caca de papel dijo que este hotel del resort está muy bien organizado sólo nos alojamos en uno de los banglos junto a la playa muy conveniente para la playa el restaurante y el bar la comida era excelente y el servicio era genial los empleados trabajan con un día de salida así que saber que el personal muy bien
"Viajamos en un grupo de personas de cd mex a Cancún y nos detenemos a visitar palenque nos detenemos primero a comer en el hotel después de regresar jugamos en la piscina cenamos y pasamos una noche la piscina muy llena por el agua de calor un poco nublado por tanta gente pero bien la comida en general todo excelente y bien preparado la habitación limpia el aire acondicionado un poco tarde para enfriar la habitación por el calor, pero en el momento me quedo bien toallas limpias y secar a muchos jóvenes que asisten pero muy eficiente y desayuno rápido al día siguiente muy rico",4.0,"Viajamos en un grupo de personas de cd mex a Cancún y nos detenemos a visitar palenque nos detenemos primero a comer en el hotel después de regresar jugamos en la piscina cenamos y pasamos una noche la piscina muy llena por el agua de calor un poco nublado por tanta gente pero bien la comida en general todo excelente y bien preparado la habitación limpia el aire acondicionado un poco tarde para enfriar la habitación por el calor, pero en el momento me quedo bien toallas limpias y secar a muchos jóvenes que asisten pero muy eficiente y desayuno rápido al día siguiente muy rico"
"El único inconveniente es que cierran temprano, pero es muy rico.",4.0,"El único inconveniente es que cierran temprano, pero es muy rico."
